{"loss": [0.5521002411842346, 0.534032940864563, 0.5148444175720215, 0.4948809742927551, 0.4742989242076874, 0.45409151911735535, 0.43392521142959595, 0.41422832012176514, 0.39528781175613403, 0.37661516666412354, 0.3587477505207062, 0.34177732467651367, 0.32528701424598694, 0.3094820976257324, 0.29475411772727966, 0.28036555647850037, 0.266765832901001, 0.25376787781715393, 0.2414206862449646, 0.22965756058692932, 0.21825511753559113, 0.20798799395561218, 0.19764631986618042, 0.18814146518707275, 0.17904424667358398, 0.17052602767944336, 0.16240650415420532, 0.15466244518756866, 0.14742960035800934, 0.1404315084218979], "accuracy": [0.8349915742874146, 0.8434391021728516, 0.8524497747421265, 0.8577060103416443, 0.8633376955986023, 0.8697202801704407, 0.8742256164550781, 0.8824854493141174, 0.8879294395446777, 0.8918715715408325, 0.8960015177726746, 0.900506854057312, 0.9053876399993896, 0.9100807309150696, 0.9155246615409851, 0.919279158115387, 0.9247230887413025, 0.9271634817123413, 0.9297916293144226, 0.9326074719429016, 0.9354233145713806, 0.9384268522262573, 0.9414304494857788, 0.944621741771698, 0.9472498297691345, 0.9489393830299377, 0.9517552256584167, 0.9538201689720154, 0.9556974172592163, 0.9585132598876953], "val_loss": [0.6382712721824646, 0.6308673620223999, 0.6257248520851135, 0.6178255677223206, 0.6104714870452881, 0.6049871444702148, 0.5996378064155579, 0.5956776738166809, 0.5877901315689087, 0.5825687050819397, 0.5797738432884216, 0.5747548937797546, 0.5713926553726196, 0.5678061842918396, 0.5653157830238342, 0.562931478023529, 0.5619173049926758, 0.5604203939437866, 0.5586990118026733, 0.5582086443901062, 0.5594102144241333, 0.5576781034469604, 0.5594577789306641, 0.558900773525238, 0.5609608888626099, 0.5605407357215881, 0.5619442462921143, 0.5635268092155457, 0.5656946301460266, 0.5683744549751282], "val_accuracy": [0.650175154209137, 0.6545534133911133, 0.6650612950325012, 0.6619964838027954, 0.6624343395233154, 0.6729422211647034, 0.6843257546424866, 0.6873905658721924, 0.6917688250541687, 0.6974605917930603, 0.7084063291549683, 0.7154115438461304, 0.7171628475189209, 0.7140980958938599, 0.7184763550758362, 0.7206655144691467, 0.7259194254875183, 0.7281085848808289, 0.7246059775352478, 0.7219789624214172, 0.7281085848808289, 0.7311733961105347, 0.7298598885536194, 0.7254816293716431, 0.7307355403900146, 0.7272329330444336, 0.725043773651123, 0.7311733961105347, 0.7263572812080383, 0.7254816293716431]}